"Position","Featured Status","Property Title","Price","Size","Address","Property Type","Property Link","Agent Logo","Agent Name","Enquiry Link"
1,"Featured","Flexible Offices 4 Queen Street...","£400.00 - £6,500.00 Per Month","80 - 650 Sq Ft","UBC Flexible Offices 4 Queen Street, Bath BA1...","Office, Serviced Office, Offices","https://propertylink.estatesgazette.com/property-details/6976767-flexible-offices-4-queen-street-bath","https://propertylinkassets.estatesgazette.com/images/hub/profile_images/000/019/927/UBC_logo.jpg","Ubc logo","https://propertylink.estatesgazette.com/commercial-property-for-rent/bath#enquiry-modal-6976767"
2,,"18 Kingsmead Square, Bath...","£25,000.00 Per Annum","1,249 Sq Ft","18 Kingsmead Square, Bath, Bath and North East...","Office, General Retail, Offices, Retail","https://propertylink.estatesgazette.com/property-details/6988953-18-kingsmead-square-bath-bath-and-north-east-somerset","https://propertylinkassets.estatesgazette.com/images/hub/profile_images/000/017/237/CJ-logo-NEW---RGB.png","Cj logo new   rgb","https://propertylink.estatesgazette.com/commercial-property-for-rent/bath#enquiry-modal-6988953"
3,,"Suite 5 Western House, 2 Rush...","£10,200.00 Per Annum","219 Sq Ft","Suite 5 Western House, 2 Rush Hill, Bath, Somerset...","Office, Offices","https://propertylink.estatesgazette.com/property-details/6987959-suite-5-western-house-2-rush-hill-bath-somerset-ba2-2qh","https://propertylinkassets.estatesgazette.com/images/hub/profile_images/000/017/993/c_squared.jpg","C squared","https://propertylink.estatesgazette.com/commercial-property-for-rent/bath#enquiry-modal-6987959"
4,,"23 Broad Street, Bath, Bath and...","£13,850.00 Per Annum","1,011 Sq Ft","23 Broad Street, Bath, Bath and North East...","Office, Retail - High Street, Offices, Retail","https://propertylink.estatesgazette.com/property-details/6987382-23-broad-street-bath-bath-and-north-east-somerset-ba1-5ln","https://propertylinkassets.estatesgazette.com/images/hub/profile_images/000/017/993/c_squared.jpg","C squared","https://propertylink.estatesgazette.com/commercial-property-for-rent/bath#enquiry-modal-6987382"
5,,"1-3 Brunel Square, BA1","£40,000.00 Per Annum","580 Sq Ft","Leisure Property, General Retail, Licensed &...","Leisure Property, General Retail, Licensed &...","https://propertylink.estatesgazette.com/property-details/6987203-1-3-brunel-square-ba1","https://propertylinkassets.estatesgazette.com/images/hub/profile_images/000/015/089/HTC_PrimaryLogo_Orange_Grey_RGB.jpg","Htc primarylogo orange grey rgb","https://propertylink.estatesgazette.com/commercial-property-for-rent/bath#enquiry-modal-6987203"
6,,"First And Second Floors , 1A...","£21,000.00 Per Annum","594 - 1,396 Sq Ft","First And Second Floors , 1A Queen Square, Bath...","Office, Offices","https://propertylink.estatesgazette.com/property-details/6987096-first-and-second-floors-1a-queen-square-bath-bath-and-north-east-somerset-ba1-2ha","https://propertylinkassets.estatesgazette.com/images/hub/profile_images/000/017/993/c_squared.jpg","C squared","https://propertylink.estatesgazette.com/commercial-property-for-rent/bath#enquiry-modal-6987096"
7,,"3 Northumberland Buildings...","£20,000.00 Per Annum","1,161 Sq Ft","3 Northumberland Buildings, Bath, Bath and North...","Office, Retail - High Street, Offices, Retail","https://propertylink.estatesgazette.com/property-details/6985747-3-northumberland-buildings-bath-bath-and-north-east-somerset-ba1-2jb","https://propertylinkassets.estatesgazette.com/images/hub/profile_images/000/017/993/c_squared.jpg","C squared","https://propertylink.estatesgazette.com/commercial-property-for-rent/bath#enquiry-modal-6985747"
8,,"2.05 Newark Works, Lower...","ROA","1,081 Sq Ft","2.05 Newark Works, Lower Bristol Road, Bath, Somerset...","Office, Offices","https://propertylink.estatesgazette.com/property-details/6985097-2-05-newark-works-lower-bristol-road-bath-somerset-ba2-3dq","https://propertylinkassets.estatesgazette.com/images/hub/profile_images/000/017/993/c_squared.jpg","C squared","https://propertylink.estatesgazette.com/commercial-property-for-rent/bath#enquiry-modal-6985097"
9,,"Second Floor Front Suite...","£29,500.00 Per Annum","2,052 Sq Ft","Second Floor Front Suite, Redbridge House, Lower...","Office, Offices","https://propertylink.estatesgazette.com/property-details/6984865-second-floor-front-suite-redbridge-house-lower-bristol-road-bath-somerset","https://propertylinkassets.estatesgazette.com/images/hub/profile_images/000/017/237/CJ-logo-NEW---RGB.png","Cj logo new   rgb","https://propertylink.estatesgazette.com/commercial-property-for-rent/bath#enquiry-modal-6984865"
10,,"First Floor, 27A, Westgate...","£8,000.00 Per Annum","529 Sq Ft","First Floor, 27A Westgate Street, Bath, BA1 1EP","Office, Offices, Land, Commercial Land","https://propertylink.estatesgazette.com/property-details/6984798-first-floor-27a-westgate-street-bath-ba1-1ep","https://propertylinkassets.estatesgazette.com/images/hub/profile_images/000/020/000/JA.jpg","Ja","https://propertylink.estatesgazette.com/commercial-property-for-rent/bath#enquiry-modal-6984798"
11,,"46 Milsom Street, Bath, Bath...","£95,000.00 Per Annum","0 - 2,992 Sq Ft","46 Milsom Street, Bath, Bath and North East...","General Retail, Restaurants/Cafes, Retail, Licensed &...","https://propertylink.estatesgazette.com/property-details/6984612-46-milsom-street-bath-bath-and-north-east-somerset","https://propertylinkassets.estatesgazette.com/images/hub/profile_images/000/017/237/CJ-logo-NEW---RGB.png","Cj logo new   rgb","https://propertylink.estatesgazette.com/commercial-property-for-rent/bath#enquiry-modal-6984612"
12,,"2.07 Newark Works, Lower...","ROA","3,223 Sq Ft","2.07 Newark Works, Lower Bristol Road, Bath, Somerset...","Office, Offices","https://propertylink.estatesgazette.com/property-details/6983273-2-07-newark-works-lower-bristol-road-bath-somerset-ba2-3dq","https://propertylinkassets.estatesgazette.com/images/hub/profile_images/000/017/993/c_squared.jpg","C squared","https://propertylink.estatesgazette.com/commercial-property-for-rent/bath#enquiry-modal-6983273"
13,,"2.04 Newark Works, Lower...","ROA","1,047 Sq Ft","2.04 Newark Works, Lower Bristol Road, Bath, Somerset...","Office, Offices","https://propertylink.estatesgazette.com/property-details/6983272-2-04-newark-works-lower-bristol-road-bath-somerset-ba2-3dq","https://propertylinkassets.estatesgazette.com/images/hub/profile_images/000/017/993/c_squared.jpg","C squared","https://propertylink.estatesgazette.com/commercial-property-for-rent/bath#enquiry-modal-6983272"
14,,"1a Queen Square, Bath...","£100.00 Per Month","1,399 Sq Ft","1a Queen Square, Bath, Somerset, BA1 2HA...","Office, Offices","https://propertylink.estatesgazette.com/property-details/6982264-1a-queen-square-bath-somerset-ba1-2ha-ref-9003","https://propertylinkassets.estatesgazette.com/images/hub/profile_images/000/017/759/ola.jpg","Ola","https://propertylink.estatesgazette.com/commercial-property-for-rent/bath#enquiry-modal-6982264"
15,,"Lower Ground Floor , 8...","£10,000.00 Per Annum","587 Sq Ft","Lower Ground Floor , 8 Belmont, Bath, Bath and North...","Office, Offices","https://propertylink.estatesgazette.com/property-details/6980582-lower-ground-floor-8-belmont-bath-bath-and-north-east-somerset-ba1-5dz","https://propertylinkassets.estatesgazette.com/images/hub/profile_images/000/017/993/c_squared.jpg","C squared","https://propertylink.estatesgazette.com/commercial-property-for-rent/bath#enquiry-modal-6980582"
16,,"Unit 2 The Stables, Priston Mill...","£10,000.00","592 Sq Ft","Unit 2 The Stables, Priston Mill Farm, Priston, Bath...","Office, Offices","https://propertylink.estatesgazette.com/property-details/6979704-unit-2-the-stables-priston-mill-farm-priston-bath-somerset-ba2-9eq","https://propertylinkassets.estatesgazette.com/images/hub/profile_images/000/017/993/c_squared.jpg","C squared","https://propertylink.estatesgazette.com/commercial-property-for-rent/bath#enquiry-modal-6979704"
17,,"Unit 1 and 4 The Dairy, Priston...","£24,000.00 - £27,000.00 Per Annum","3,129 - 3,637 Sq Ft","Unit 1 and 4 The Dairy, Priston Mill Farm, Priston...","General Industrial, Industrial","https://propertylink.estatesgazette.com/property-details/6979703-unit-1-and-4-the-dairy-priston-mill-farm-priston-bath-somerset-ba2-9eq","https://propertylinkassets.estatesgazette.com/images/hub/profile_images/000/017/993/c_squared.jpg","C squared","https://propertylink.estatesgazette.com/commercial-property-for-rent/bath#enquiry-modal-6979703"
18,,"Ground Floor Of 6 Westgate...","£50,000.00 Per Annum","1,012 Sq Ft","Ground Floor Of 6 Westgate Buildings, Bath, Bath...","General Retail, Retail","https://propertylink.estatesgazette.com/property-details/6979304-ground-floor-of-6-westgate-buildings-bath-bath-somerset","https://propertylinkassets.estatesgazette.com/images/hub/profile_images/000/017/237/CJ-logo-NEW---RGB.png","Cj logo new   rgb","https://propertylink.estatesgazette.com/commercial-property-for-rent/bath#enquiry-modal-6979304"
19,,"Third Floor , 35 Gay Street...","£4,000.00 Per Annum","139 Sq Ft","Third Floor , 35 Gay Street, Bath, Bath and North East...","Office, Offices","https://propertylink.estatesgazette.com/property-details/6978357-third-floor-35-gay-street-bath-bath-and-north-east-somerset-ba1-2nt","https://propertylinkassets.estatesgazette.com/images/hub/profile_images/000/017/993/c_squared.jpg","C squared","https://propertylink.estatesgazette.com/commercial-property-for-rent/bath#enquiry-modal-6978357"
20,,"Cambridge House, 1-4...","ROA","5,500 - 11,724 Sq Ft","Cambridge House, 1-4 Cambridge House, Henry...","Office, Offices","https://propertylink.estatesgazette.com/property-details/6977992-cambridge-house-1-4-cambridge-house-ba1","https://propertylinkassets.estatesgazette.com/images/hub/profile_images/000/015/089/HTC_PrimaryLogo_Orange_Grey_RGB.jpg","Htc primarylogo orange grey rgb","https://propertylink.estatesgazette.com/commercial-property-for-rent/bath#enquiry-modal-6977992"
21,,"Second Floor, 25 Windsor...","£17,500.00 Per Annum","1,032 Sq Ft","Second Floor, 25 Windsor Castle, Upper Bristol...","Office, Offices","https://propertylink.estatesgazette.com/property-details/6976873-second-floor-25-windsor-castle-upper-bristol-road-bath-bath-and-north-east-somerset-ba1-3dn","https://propertylinkassets.estatesgazette.com/images/hub/profile_images/000/017/993/c_squared.jpg","C squared","https://propertylink.estatesgazette.com/commercial-property-for-rent/bath#enquiry-modal-6976873"
22,,"Flexible Offices 4 Queen Street...","£400.00 - £6,500.00 Per Month","80 - 650 Sq Ft","UBC Flexible Offices 4 Queen Street, Bath BA1...","Office, Serviced Office, Offices","https://propertylink.estatesgazette.com/property-details/6976767-flexible-offices-4-queen-street-bath","https://propertylinkassets.estatesgazette.com/images/hub/profile_images/000/019/927/UBC_logo.jpg","Ubc logo","https://propertylink.estatesgazette.com/commercial-property-for-rent/bath#enquiry-modal-6976767"
23,,"Third Floor, 14 Queen Square...","£8,500.00 Per Annum",,"Third Floor, 14 Queen Square, Bath, Bath and...","Office, Offices","https://propertylink.estatesgazette.com/property-details/6975850-third-floor-14-queen-square-bath-bath-and-north-east-somerset","https://propertylinkassets.estatesgazette.com/images/hub/profile_images/000/017/237/CJ-logo-NEW---RGB.png","Cj logo new   rgb","https://propertylink.estatesgazette.com/commercial-property-for-rent/bath#enquiry-modal-6975850"
24,,"Second Floor, 14 Queen...","£12,500.00 Per Annum","683 Sq Ft","Second Floor, 14 Queen Square, Bath, Bath and...","Office, Offices","https://propertylink.estatesgazette.com/property-details/6975849-second-floor-14-queen-square-bath-bath-and-north-east-somerset","https://propertylinkassets.estatesgazette.com/images/hub/profile_images/000/017/237/CJ-logo-NEW---RGB.png","Cj logo new   rgb","https://propertylink.estatesgazette.com/commercial-property-for-rent/bath#enquiry-modal-6975849"
25,"Featured","Flexible Offices 4 Queen Street...","£400.00 - £6,500.00 Per Month","80 - 650 Sq Ft","UBC Flexible Offices 4 Queen Street, Bath BA1...","Office, Serviced Office, Offices","https://propertylink.estatesgazette.com/property-details/6976767-flexible-offices-4-queen-street-bath","https://propertylinkassets.estatesgazette.com/images/hub/profile_images/000/019/927/UBC_logo.jpg","Ubc logo","https://propertylink.estatesgazette.com/commercial-property-for-rent/bath/page-2#enquiry-modal-6976767"
26,,"Unit 3, The Grain Store Spring...","£60,000.00 Per Annum","3,409 Sq Ft","Unit 3, The Grain Store Spring Wharf, Roseberry Road...","General Retail, Retail","https://propertylink.estatesgazette.com/property-details/6974836-unit-3-the-grain-store-spring-wharf-roseberry-road-bath-somerset","https://propertylinkassets.estatesgazette.com/images/hub/profile_images/000/017/237/CJ-logo-NEW---RGB.png","Cj logo new   rgb","https://propertylink.estatesgazette.com/commercial-property-for-rent/bath/page-2#enquiry-modal-6974836"
27,,"26 Queen Square, Bath, Bath...","£95,000.00 Per Annum","3,989 Sq Ft","26 Queen Square, Bath, Bath and North East...","Office, Offices","https://propertylink.estatesgazette.com/property-details/6972274-26-queen-square-bath-bath-and-north-east-somerset","https://propertylinkassets.estatesgazette.com/images/hub/profile_images/000/017/237/CJ-logo-NEW---RGB.png","Cj logo new   rgb","https://propertylink.estatesgazette.com/commercial-property-for-rent/bath/page-2#enquiry-modal-6972274"
28,,"11a Kingsmead Square, Bath...","£23,000.00 Per Annum","860 Sq Ft","11a Kingsmead Square, Bath, Bath and North East...","Office, Offices","https://propertylink.estatesgazette.com/property-details/6970384-11a-kingsmead-square-bath-bath-and-north-east-somerset","https://propertylinkassets.estatesgazette.com/images/hub/profile_images/000/017/237/CJ-logo-NEW---RGB.png","Cj logo new   rgb","https://propertylink.estatesgazette.com/commercial-property-for-rent/bath/page-2#enquiry-modal-6970384"
29,,"7 Kingsmead Square, Bath...","£52,000.00 Per Annum","1,900 Sq Ft","7 Kingsmead Square, Bath, Bath and North East...","Office, Offices","https://propertylink.estatesgazette.com/property-details/6970383-7-kingsmead-square-bath-bath-and-north-east-somerset","https://propertylinkassets.estatesgazette.com/images/hub/profile_images/000/017/237/CJ-logo-NEW---RGB.png","Cj logo new   rgb","https://propertylink.estatesgazette.com/commercial-property-for-rent/bath/page-2#enquiry-modal-6970383"
30,,"The Malt House, 17-20 Sydney...","£31,000.00 Per Annum","1,603 Sq Ft","The Malt House, 17-20 Sydney Buildings, Bath...","Office, Offices","https://propertylink.estatesgazette.com/property-details/6969891-the-malt-house-17-20-sydney-buildings-bath-somerset-ba2-6bz","https://propertylinkassets.estatesgazette.com/images/hub/profile_images/000/017/993/c_squared.jpg","C squared","https://propertylink.estatesgazette.com/commercial-property-for-rent/bath/page-2#enquiry-modal-6969891"
31,,"Units 1 and 2 Mulberry Park...","£20,000.00 - £45,000.00 Per Annum","1,055 - 2,325 Sq Ft","Units 1 and 2 Mulberry Park, Combe Down...","General Retail, Retail","https://propertylink.estatesgazette.com/property-details/6967144-units-1-and-2-mulberry-park-combe-down-bath-bath-somerset","https://propertylinkassets.estatesgazette.com/images/hub/profile_images/000/017/237/CJ-logo-NEW---RGB.png","Cj logo new   rgb","https://propertylink.estatesgazette.com/commercial-property-for-rent/bath/page-2#enquiry-modal-6967144"
32,,"32 Milsom Street, BA1","£40,000.00 Per Annum","765 Sq Ft","32 Milsom Street, Bath, BA1 1DG","General Retail, Retail - High Street, Retail","https://propertylink.estatesgazette.com/property-details/6966942-32-milsom-street-ba1","https://propertylinkassets.estatesgazette.com/images/hub/profile_images/000/019/841/AVISON_YOUNG.jpg","Avison young","https://propertylink.estatesgazette.com/commercial-property-for-rent/bath/page-2#enquiry-modal-6966942"
33,,"3 The Office Village, Bath...","For sale: £360,000.00
To rent:...","2,240 Sq Ft","For sale: £360,000.00
To rent:...","Office, Healthcare, Offices, Other Property Types &...","https://propertylink.estatesgazette.com/property-details/6965903-3-the-office-village-bath-business-park-roman-way-peasedown-st-john-bath-somerset-ba2","https://propertylinkassets.estatesgazette.com/images/hub/profile_images/000/017/205/burston_cook.png","Burston cook","https://propertylink.estatesgazette.com/commercial-property-for-rent/bath/page-2#enquiry-modal-6965903"
34,,"We offer workspace options fully...","£1.00 Per Month","1 - 10,800 Sq Ft","2nd & 3rd Floors, Northgate House, Upper Borough...","Office, Serviced Office, Offices, Business park","https://propertylink.estatesgazette.com/property-details/6964867-we-offer-workspace-options-fully-tailored-to-your-needs-in-spaces-northgate-house","https://propertylinkassets.estatesgazette.com/images/hub/profile_images/000/019/853/IWG.jpg","Iwg","https://propertylink.estatesgazette.com/commercial-property-for-rent/bath/page-2#enquiry-modal-6964867"
35,,"First Floor Offices, Bath Cricket...","£40,500.00 Per Annum","1,620 Sq Ft","First Floor Offices, Bath Cricket Club, North Parade, Bath","Office, Offices","https://propertylink.estatesgazette.com/property-details/6964228-first-floor-offices-bath-cricket-club-north-parade-bath","https://propertylinkassets.estatesgazette.com/images/hub/profile_images/000/017/237/CJ-logo-NEW---RGB.png","Cj logo new   rgb","https://propertylink.estatesgazette.com/commercial-property-for-rent/bath/page-2#enquiry-modal-6964228"
36,,"No. 10 Henry Street, Henry...","ROA","1,273 - 4,178 Sq Ft","No. 10 Henry Street, Henry Street Bath, Bath, BA1...","Office, Offices","https://propertylink.estatesgazette.com/property-details/6963754-no-10-henry-street-henry-street-bath-ba1","https://propertylinkassets.estatesgazette.com/images/hub/profile_images/000/016/269/Savills_Logo.jpg","Savills logo","https://propertylink.estatesgazette.com/commercial-property-for-rent/bath/page-2#enquiry-modal-6963754"
37,,"6 Terrace Walk, Bath, Bath And...","£25,000.00 Per Annum","1,144 Sq Ft","6 Terrace Walk, Bath, Bath And North East...","Office, Retail - High Street, Other, Offices, Retail...","https://propertylink.estatesgazette.com/property-details/6962602-6-terrace-walk-bath-bath-and-north-east-somerset-ba1-1ln","https://propertylinkassets.estatesgazette.com/images/hub/profile_images/000/017/993/c_squared.jpg","C squared","https://propertylink.estatesgazette.com/commercial-property-for-rent/bath/page-2#enquiry-modal-6962602"
38,,"Bellotts Road, Bath, Somerset...","£10.00 Per Sq Ft","2,147 - 5,003 Sq Ft","Bellotts Road, Bath, Somerset, BA2 3RT","General Industrial, Industrial","https://propertylink.estatesgazette.com/property-details/6961142-bellotts-road-bath-somerset-ba2-3rt","https://propertylinkassets.estatesgazette.com/images/hub/profile_images/000/017/993/c_squared.jpg","C squared","https://propertylink.estatesgazette.com/commercial-property-for-rent/bath/page-2#enquiry-modal-6961142"
39,,"25 Queen Square, Bath, Bath...","ROA","627 - 4,150 Sq Ft","25 Queen Square, Bath, Bath And North East...","Office, Offices","https://propertylink.estatesgazette.com/property-details/6960247-25-queen-square-bath-bath-and-north-east-somerset-ba1-2hx","https://propertylinkassets.estatesgazette.com/images/hub/profile_images/000/017/993/c_squared.jpg","C squared","https://propertylink.estatesgazette.com/commercial-property-for-rent/bath/page-2#enquiry-modal-6960247"
40,,"5 Kelso Place, Kelso Place...","£27,500.00 Per Annum","1,400 Sq Ft","5 Kelso Place, Kelso Place, Upper Bristol Road...","Office, Offices","https://propertylink.estatesgazette.com/property-details/6958563-5-kelso-place-kelso-place-upper-bristol-road-bath-bath-and-north-east-somerset","https://propertylinkassets.estatesgazette.com/images/hub/profile_images/000/017/237/CJ-logo-NEW---RGB.png","Cj logo new   rgb","https://propertylink.estatesgazette.com/commercial-property-for-rent/bath/page-2#enquiry-modal-6958563"
41,,"Kings Head, 40 High Street...","ROA","1,660 Sq Ft","Kings Head, 40 High Street, Weston, Bath...","General Retail, Restaurants/Cafes, Retail, Licensed &...","https://propertylink.estatesgazette.com/property-details/6956558-kings-head-40-high-street-weston-bath-bath-and-north-east-somerset","https://propertylinkassets.estatesgazette.com/images/hub/profile_images/000/017/237/CJ-logo-NEW---RGB.png","Cj logo new   rgb","https://propertylink.estatesgazette.com/commercial-property-for-rent/bath/page-2#enquiry-modal-6956558"
42,,"1a Piccadilly Place, London...","£25,000.00 Per Annum","2,840 Sq Ft","Office, Retail - High Street, Restaurants/Cafes...","Office, Retail - High Street, Restaurants/Cafes...","https://propertylink.estatesgazette.com/property-details/6956059-1a-piccadilly-place-london-road-bath-ba1-6pl","https://propertylinkassets.estatesgazette.com/images/hub/profile_images/000/017/993/c_squared.jpg","C squared","https://propertylink.estatesgazette.com/commercial-property-for-rent/bath/page-2#enquiry-modal-6956059"
43,,"4th Floor, Cambridge House...","ROA","5,500 Sq Ft","4th Floor, Cambridge House, Henry Street...","Office, Offices","https://propertylink.estatesgazette.com/property-details/6953158-4th-floor-cambridge-house-henry-street-bath-ba1-1jt","https://propertylinkassets.estatesgazette.com/images/hub/profile_images/000/017/993/c_squared.jpg","C squared","https://propertylink.estatesgazette.com/commercial-property-for-rent/bath/page-2#enquiry-modal-6953158"
44,,"Abbeygate House, 1a...","£30,000.00 Per Annum","1,478 - 3,402 Sq Ft","Abbeygate House, 1a Abbeygate Street, Bath, Bath...","Office, Offices","https://propertylink.estatesgazette.com/property-details/6949665-abbeygate-house-1a-abbeygate-street-bath-bath-and-north-east-somerset-ba1-1np","https://propertylinkassets.estatesgazette.com/images/hub/profile_images/000/017/993/c_squared.jpg","C squared","https://propertylink.estatesgazette.com/commercial-property-for-rent/bath/page-2#enquiry-modal-6949665"
45,,"First Floor, Riverside North...","£23,250.00 Per Annum","930 Sq Ft","First Floor, Riverside North, Walcot Yard...","Office, Offices","https://propertylink.estatesgazette.com/property-details/6949367-first-floor-riverside-north-walcot-yard-walcot-street-bath-ba1-5bg","https://propertylinkassets.estatesgazette.com/images/hub/profile_images/000/017/237/CJ-logo-NEW---RGB.png","Cj logo new   rgb","https://propertylink.estatesgazette.com/commercial-property-for-rent/bath/page-2#enquiry-modal-6949367"
46,,"Unit N4, Beehive Yard, Bath...","£12,000.00 Per Annum","493.53 Sq Ft","Unit N4, Beehive Yard, Bath, Bath And North East...","Office, Offices","https://propertylink.estatesgazette.com/property-details/6948551-unit-n4-beehive-yard-bath-bath-and-north-east-somerset-ba1-5bt","https://propertylinkassets.estatesgazette.com/images/hub/profile_images/000/017/993/c_squared.jpg","C squared","https://propertylink.estatesgazette.com/commercial-property-for-rent/bath/page-2#enquiry-modal-6948551"
47,,"13-14 George Street, Bath, Bath...","£69,950.00 Per Annum","2,873 Sq Ft","13-14 George Street, Bath, Bath And North East...","Retail - High Street, Restaurants/Cafes, Pubs/Bars/Clubs...","https://propertylink.estatesgazette.com/property-details/6942427-13-14-george-street-bath-bath-and-north-east-somerset-ba1-2en","https://propertylinkassets.estatesgazette.com/images/hub/profile_images/000/017/993/c_squared.jpg","C squared","https://propertylink.estatesgazette.com/commercial-property-for-rent/bath/page-2#enquiry-modal-6942427"
48,,"18-18a Monmouth Place, Bath...","£45,000.00 Per Annum","2,031 Sq Ft","18-18a Monmouth Place, Bath, Bath And North East...","Office, Offices","https://propertylink.estatesgazette.com/property-details/6938574-18-18a-monmouth-place-bath-bath-and-north-east-somerset-ba1-2ay","https://propertylinkassets.estatesgazette.com/images/hub/profile_images/000/017/993/c_squared.jpg","C squared","https://propertylink.estatesgazette.com/commercial-property-for-rent/bath/page-2#enquiry-modal-6938574"
49,"Featured","Flexible Offices 4 Queen Street...","£400.00 - £6,500.00 Per Month","80 - 650 Sq Ft","UBC Flexible Offices 4 Queen Street, Bath BA1...","Office, Serviced Office, Offices","https://propertylink.estatesgazette.com/property-details/6976767-flexible-offices-4-queen-street-bath","https://propertylinkassets.estatesgazette.com/images/hub/profile_images/000/019/927/UBC_logo.jpg","Ubc logo","https://propertylink.estatesgazette.com/commercial-property-for-rent/bath/page-3#enquiry-modal-6976767"
50,,"2-6 Northumberland Buildings...","£26.00 Per Sq Ft","1,187 - 11,421 Sq Ft","2-6 Northumberland Buildings, Bath, Bath And North...","Office, Offices","https://propertylink.estatesgazette.com/property-details/6930991-2-6-northumberland-buildings-bath-bath-and-north-east-somerset-ba1","https://propertylinkassets.estatesgazette.com/images/hub/profile_images/000/017/237/CJ-logo-NEW---RGB.png","Cj logo new   rgb","https://propertylink.estatesgazette.com/commercial-property-for-rent/bath/page-3#enquiry-modal-6930991"
51,,"Milsom Place, Bath, Bath And...","ROA","472 - 6,921 Sq Ft","General Retail, Leisure Property, Other...","General Retail, Leisure Property, Other...","https://propertylink.estatesgazette.com/property-details/6929932-milsom-place-bath-bath-and-north-east-somerset-ba1","https://propertylinkassets.estatesgazette.com/images/hub/profile_images/000/017/237/CJ-logo-NEW---RGB.png","Cj logo new   rgb","https://propertylink.estatesgazette.com/commercial-property-for-rent/bath/page-3#enquiry-modal-6929932"
52,,"Open Storage, The Old Fuller...","For sale: POA
To rent: £2.50 Per Sq Ft","0.5 - 4 Acres","Open Storage, The Old Fuller Earth Works, Fosseway...","General Industrial, Land, Industrial, Commercial Land","https://propertylink.estatesgazette.com/property-details/6926540-open-storage-the-old-fuller-earth-works-fosseway-environment-park-bath-somerset","https://propertylinkassets.estatesgazette.com/images/hub/profile_images/000/017/237/CJ-logo-NEW---RGB.png","Cj logo new   rgb","https://propertylink.estatesgazette.com/commercial-property-for-rent/bath/page-3#enquiry-modal-6926540"
53,,"Upper Floors , 39 Gay Street...","£10,000.00 - £23,500.00 Per Annum","436 Sq Ft","Upper Floors , 39 Gay Street, Bath, Bath And North...","Office, Offices","https://propertylink.estatesgazette.com/property-details/6923560-upper-floors-39-gay-street-bath-bath-and-north-east-somerset-ba1-2nt","https://propertylinkassets.estatesgazette.com/images/hub/profile_images/000/017/993/c_squared.jpg","C squared","https://propertylink.estatesgazette.com/commercial-property-for-rent/bath/page-3#enquiry-modal-6923560"
54,,"Storage Unit , The Old Fuller...","£25,000.00 Per Annum","3,008 Sq Ft","Storage Unit , The Old Fuller Earth Works, Fosseway...","General Industrial, Industrial","https://propertylink.estatesgazette.com/property-details/6920140-storage-unit-the-old-fuller-earth-works-fosseway-environment-park-bath-somerset","https://propertylinkassets.estatesgazette.com/images/hub/profile_images/000/017/237/CJ-logo-NEW---RGB.png","Cj logo new   rgb","https://propertylink.estatesgazette.com/commercial-property-for-rent/bath/page-3#enquiry-modal-6920140"
55,,"Westpoint, James Street West...","ROA","2,500 - 6,103 Sq Ft","Westpoint, James Street West, Bath, BA1 2DA","Office, Offices","https://propertylink.estatesgazette.com/property-details/6917141-westpoint-james-street-west-ba1","https://propertylinkassets.estatesgazette.com/images/hub/profile_images/000/016/269/Savills_Logo.jpg","Savills logo","https://propertylink.estatesgazette.com/commercial-property-for-rent/bath/page-3#enquiry-modal-6917141"
56,,"Ground Floor 2 Northumberland...","£23,750.00 Per Annum","762 Sq Ft","Ground Floor 2 Northumberland Buildings, Bath...","Office, General Retail, Offices, Retail","https://propertylink.estatesgazette.com/property-details/6915700-ground-floor-2-northumberland-buildings-bath-bath-and-north-east-somerset-ba1","https://propertylinkassets.estatesgazette.com/images/hub/profile_images/000/017/237/CJ-logo-NEW---RGB.png","Cj logo new   rgb","https://propertylink.estatesgazette.com/commercial-property-for-rent/bath/page-3#enquiry-modal-6915700"
57,,"The Corridor, Bath, Bath And...","£40,000.00 Per Annum","1,763 Sq Ft","General Retail, Restaurants/Cafes, Retail, Licensed &...","General Retail, Restaurants/Cafes, Retail, Licensed &...","https://propertylink.estatesgazette.com/property-details/6906944-the-corridor-bath-bath-and-north-east-somerset-ba1","https://propertylinkassets.estatesgazette.com/images/hub/profile_images/000/017/237/CJ-logo-NEW---RGB.png","Cj logo new   rgb","https://propertylink.estatesgazette.com/commercial-property-for-rent/bath/page-3#enquiry-modal-6906944"
58,,"22 St. Lawrence Street, Bath...","£30.00 Per Sq Ft","4,154 Sq Ft","22 St. Lawrence Street, Bath, Bath And North East...","Office, Offices","https://propertylink.estatesgazette.com/property-details/6899709-22-st-lawrence-street-bath-bath-and-north-east-somerset-ba1-1an","https://propertylinkassets.estatesgazette.com/images/hub/profile_images/000/017/993/c_squared.jpg","C squared","https://propertylink.estatesgazette.com/commercial-property-for-rent/bath/page-3#enquiry-modal-6899709"
59,,"Bath Street, Bath, Bath And...","ROA","5,381 Sq Ft","Bath Street, Bath, Bath And North East Somerset...","Office, General Retail, Restaurants/Cafes...","https://propertylink.estatesgazette.com/property-details/6898832-bath-street-bath-bath-and-north-east-somerset-ba1","https://propertylinkassets.estatesgazette.com/images/hub/profile_images/000/017/237/CJ-logo-NEW---RGB.png","Cj logo new   rgb","https://propertylink.estatesgazette.com/commercial-property-for-rent/bath/page-3#enquiry-modal-6898832"
60,,"Beazer House, Lower Bristol...","£24.00 Per Sq Ft","30,864 Sq Ft","Beazer House, Lower Bristol Road, Bath, Somerset...","Office, General Retail, Offices, Retail","https://propertylink.estatesgazette.com/property-details/6893325-beazer-house-lower-bristol-road-bath-somerset-ba2","https://propertylinkassets.estatesgazette.com/images/hub/profile_images/000/017/237/CJ-logo-NEW---RGB.png","Cj logo new   rgb","https://propertylink.estatesgazette.com/commercial-property-for-rent/bath/page-3#enquiry-modal-6893325"
61,,"8 Palace Yard Mews, Bath, Bath...","£47,000.00 Per Annum","2,355 Sq Ft","8 Palace Yard Mews, Bath, Bath And North East...","Office, Offices","https://propertylink.estatesgazette.com/property-details/6889088-8-palace-yard-mews-bath-bath-and-north-east-somerset-ba1-2nh","https://propertylinkassets.estatesgazette.com/images/hub/profile_images/000/017/993/c_squared.jpg","C squared","https://propertylink.estatesgazette.com/commercial-property-for-rent/bath/page-3#enquiry-modal-6889088"
62,,"10 Quiet Street, Bath, Bath And...","£50,000.00 Per Annum","4,106 Sq Ft","10 Quiet Street, Bath, Bath And North East...","Retail - High Street, Retail","https://propertylink.estatesgazette.com/property-details/6889021-10-quiet-street-bath-bath-and-north-east-somerset-ba1-2ju","https://propertylinkassets.estatesgazette.com/images/hub/profile_images/000/017/993/c_squared.jpg","C squared","https://propertylink.estatesgazette.com/commercial-property-for-rent/bath/page-3#enquiry-modal-6889021"
63,,"27 Upper Borough Walls, Bath...","£12,500.00 - £18,000.00 Per Annum","729 - 1,566 Sq Ft","27 Upper Borough Walls, Bath, Bath And North East...","General Retail, Restaurants/Cafes, Retail, Licensed &...","https://propertylink.estatesgazette.com/property-details/6881244-27-upper-borough-walls-bath-bath-and-north-east-somerset","https://propertylinkassets.estatesgazette.com/images/hub/profile_images/000/017/237/CJ-logo-NEW---RGB.png","Cj logo new   rgb","https://propertylink.estatesgazette.com/commercial-property-for-rent/bath/page-3#enquiry-modal-6881244"
64,,"Ground Floor, 14 Queen...","£29,500.00 Per Annum","1,298 Sq Ft","Ground Floor, 14 Queen Square, Bath, Bath And...","Office, Offices","https://propertylink.estatesgazette.com/property-details/6870350-ground-floor-14-queen-square-bath-bath-and-north-east-somerset","https://propertylinkassets.estatesgazette.com/images/hub/profile_images/000/017/237/CJ-logo-NEW---RGB.png","Cj logo new   rgb","https://propertylink.estatesgazette.com/commercial-property-for-rent/bath/page-3#enquiry-modal-6870350"
65,,"Land On The South Side Of...","ROA","1.1 Acre","Land On The South Side Of Upper Bristol Road...","Land, Storage, Commercial Land, Industrial","https://propertylink.estatesgazette.com/property-details/6846731-land-on-the-south-side-of-upper-bristol-road-victoria-park-business-centre","https://propertylinkassets.estatesgazette.com/images/hub/profile_images/000/015/089/HTC_PrimaryLogo_Orange_Grey_RGB.jpg","Htc primarylogo orange grey rgb","https://propertylink.estatesgazette.com/commercial-property-for-rent/bath/page-3#enquiry-modal-6846731"
66,,"Grosvenor House, The Square...","ROA","9,203 - 18,546 Sq Ft","Grosvenor House, The Square, Lower Bristol Road, Bath","Office, Offices","https://propertylink.estatesgazette.com/property-details/6798535-grosvenor-house-the-square-lower-bristol-road-bath","https://propertylinkassets.estatesgazette.com/images/hub/profile_images/000/017/237/CJ-logo-NEW---RGB.png","Cj logo new   rgb","https://propertylink.estatesgazette.com/commercial-property-for-rent/bath/page-3#enquiry-modal-6798535"
67,,"The Old Fuller Earth Works, The...","£17,500.00 Per Annum","1,274 Sq Ft","The Old Fuller Earth Works, The Firs, Combe Hay, Bath...","Office, Offices","https://propertylink.estatesgazette.com/property-details/6778017-the-old-fuller-earth-works-the-firs-combe-hay-bath-somerset-ba2","https://propertylinkassets.estatesgazette.com/images/hub/profile_images/000/017/237/CJ-logo-NEW---RGB.png","Cj logo new   rgb","https://propertylink.estatesgazette.com/commercial-property-for-rent/bath/page-3#enquiry-modal-6778017"
68,,"A/B &amp; Grd C/D Crescent...","ROA","2,400 - 7,200 Sq Ft","A/B &amp; Grd C/D Crescent Office Park, Clarks Way...","Office, Offices","https://propertylink.estatesgazette.com/property-details/6778007-a-b-amp-grd-c-d-crescent-office-park-clarks-way-bath-ba2-2af","https://propertylinkassets.estatesgazette.com/images/hub/profile_images/000/017/805/Colliers_Logo_RGB_Keyline.png","Colliers logo rgb keyline","https://propertylink.estatesgazette.com/commercial-property-for-rent/bath/page-3#enquiry-modal-6778007"
69,,"Royal Mead , 4-5 Railway...","£36.00 - £40.00 Per Sq Ft","4,092 - 25,451 Sq Ft","Royal Mead , 4-5 Railway Place, City Centre, Bath...","Office, Offices","https://propertylink.estatesgazette.com/property-details/6761741-royal-mead-4-5-railway-place-city-centre-bath-south-west-ba1","https://propertylinkassets.estatesgazette.com/images/hub/profile_images/000/002/183/331.gif",331,"https://propertylink.estatesgazette.com/commercial-property-for-rent/bath/page-3#enquiry-modal-6761741"
70,,"Pinesgate East, Lower Bristol...","£393,328.00 Per Annum","15,130 Sq Ft","Pinesgate East, Lower Bristol Road, Bath, Somerset...","Office, Offices","https://propertylink.estatesgazette.com/property-details/6738357-pinesgate-east-lower-bristol-road-bath-somerset-ba2-3dp","https://propertylinkassets.estatesgazette.com/images/hub/profile_images/000/017/993/c_squared.jpg","C squared","https://propertylink.estatesgazette.com/commercial-property-for-rent/bath/page-3#enquiry-modal-6738357"
71,,"Newark Works, Lower Bristol...","ROA","244 - 4,841 Sq Ft","Newark Works, Lower Bristol Road, Bath, Somerset...","Office, Offices","https://propertylink.estatesgazette.com/property-details/6692883-newark-works-lower-bristol-road-bath-somerset-ba2","https://propertylink.estatesgazette.com/assets/images/360.svg",360,"https://propertylink.estatesgazette.com/commercial-property-for-rent/bath/page-3#enquiry-modal-6692883"
72,,"No. 1 Bath Quays, Lower Bristol...","ROA","1,052 - 10,993 Sq Ft","No. 1 Bath Quays, Lower Bristol Road, Bath, BA2","Office, Offices","https://propertylink.estatesgazette.com/property-details/6680993-no-1-bath-quays-lower-bristol-road-bath-ba2","https://propertylinkassets.estatesgazette.com/images/hub/profile_images/000/008/803/01-12-2015_09-40-51.png","01 12 2015 09 40 51","https://propertylink.estatesgazette.com/commercial-property-for-rent/bath/page-3#enquiry-modal-6680993"
73,"Featured","Flexible Offices 4 Queen Street...","£400.00 - £6,500.00 Per Month","80 - 650 Sq Ft","UBC Flexible Offices 4 Queen Street, Bath BA1...","Office, Serviced Office, Offices","https://propertylink.estatesgazette.com/property-details/6976767-flexible-offices-4-queen-street-bath","https://propertylinkassets.estatesgazette.com/images/hub/profile_images/000/019/927/UBC_logo.jpg","Ubc logo","https://propertylink.estatesgazette.com/commercial-property-for-rent/bath/page-4#enquiry-modal-6976767"
74,,"Riverside South Building...","£67,000.00 Per Annum","2,783 Sq Ft","Riverside South Building, Walcot Street, Bath, Bath...","Office, Offices","https://propertylink.estatesgazette.com/property-details/6624703-riverside-south-building-walcot-street-bath-bath-and-north-east-somerset","https://propertylinkassets.estatesgazette.com/images/hub/profile_images/000/017/237/CJ-logo-NEW---RGB.png","Cj logo new   rgb","https://propertylink.estatesgazette.com/commercial-property-for-rent/bath/page-4#enquiry-modal-6624703"
75,,"Kings Court Parsonage Lane...","ROA","5,687 - 17,007 Sq Ft","Kings Court Parsonage Lane, Bath, Bath And...","Office, Offices","https://propertylink.estatesgazette.com/property-details/6404227-kings-court-parsonage-lane-bath-bath-and-north-east-somerset-ba1","https://propertylinkassets.estatesgazette.com/images/hub/profile_images/000/017/237/CJ-logo-NEW---RGB.png","Cj logo new   rgb","https://propertylink.estatesgazette.com/commercial-property-for-rent/bath/page-4#enquiry-modal-6404227"
